{
    "frozenset({('AAPL', 0)})": 0.7619688735715567,
    "frozenset({('AAPL', 1)})": 0.7619688735715567,
    "frozenset({('AAPL', 2)})": 0.7619688735715567,
    "frozenset({('AAPL', 3)})": 0.7619688735715567,
    "frozenset({('GOOGL', 4)})": 0.6584491967767245,
    "frozenset({('GOOGL', 5)})": 0.6584491967767245,
    "frozenset({('GOOGL', 6)})": 0.6584491967767245,
    "frozenset({('GOOGL', 7)})": 0.6584491967767245,
    "frozenset({('AAPL', 0), ('AAPL', 1)})": 10.956918038626878,
    "frozenset({('AAPL', 0), ('AAPL', 2)})": 10.956918038626878,
    "frozenset({('AAPL', 0), ('AAPL', 3)})": 10.956918038626878,
    "frozenset({('AAPL', 1), ('AAPL', 2)})": 10.956918038626878,
    "frozenset({('AAPL', 1), ('AAPL', 3)})": 10.956918038626878,
    "frozenset({('AAPL', 2), ('AAPL', 3)})": 10.956918038626878,
    "frozenset({('GOOGL', 4), ('AAPL', 0)})": 7.518688343154117,
    "frozenset({('AAPL', 0), ('GOOGL', 5)})": 7.518688343154117,
    "frozenset({('AAPL', 0), ('GOOGL', 6)})": 7.518688343154117,
    "frozenset({('AAPL', 0), ('GOOGL', 7)})": 7.518688343154117,
    "frozenset({('GOOGL', 4), ('AAPL', 1)})": 7.518688343154117,
    "frozenset({('GOOGL', 5), ('AAPL', 1)})": 7.518688343154117,
    "frozenset({('AAPL', 1), ('GOOGL', 6)})": 7.518688343154117,
    "frozenset({('AAPL', 1), ('GOOGL', 7)})": 7.518688343154117,
    "frozenset({('GOOGL', 4), ('AAPL', 2)})": 7.518688343154117,
    "frozenset({('GOOGL', 5), ('AAPL', 2)})": 7.518688343154117,
    "frozenset({('GOOGL', 6), ('AAPL', 2)})": 7.518688343154117,
    "frozenset({('AAPL', 2), ('GOOGL', 7)})": 7.518688343154117,
    "frozenset({('GOOGL', 4), ('AAPL', 3)})": 7.518688343154117,
    "frozenset({('GOOGL', 5), ('AAPL', 3)})": 7.518688343154117,
    "frozenset({('GOOGL', 6), ('AAPL', 3)})": 7.518688343154117,
    "frozenset({('GOOGL', 7), ('AAPL', 3)})": 7.518688343154117,
    "frozenset({('GOOGL', 4), ('GOOGL', 5)})": 10.151837268398296,
    "frozenset({('GOOGL', 4), ('GOOGL', 6)})": 10.151837268398296,
    "frozenset({('GOOGL', 4), ('GOOGL', 7)})": 10.151837268398296,
    "frozenset({('GOOGL', 5), ('GOOGL', 6)})": 10.151837268398296,
    "frozenset({('GOOGL', 5), ('GOOGL', 7)})": 10.151837268398296,
    "frozenset({('GOOGL', 6), ('GOOGL', 7)})": 10.151837268398296,
    "frozenset({('AAPL', 0), ('AAPL', 1), ('AAPL', 2)})": 28.54805762578611,
    "frozenset({('AAPL', 0), ('AAPL', 1), ('AAPL', 3)})": 28.54805762578611,
    "frozenset({('AAPL', 0), ('AAPL', 2), ('AAPL', 3)})": 28.54805762578611,
    "frozenset({('AAPL', 1), ('AAPL', 2), ('AAPL', 3)})": 28.54805762578611,
    "frozenset({('GOOGL', 4), ('AAPL', 0), ('AAPL', 1)})": 22.07946214455672,
    "frozenset({('AAPL', 0), ('AAPL', 1), ('GOOGL', 5)})": 22.07946214455672,
    "frozenset({('AAPL', 0), ('AAPL', 1), ('GOOGL', 6)})": 22.07946214455672,
    "frozenset({('AAPL', 0), ('AAPL', 1), ('GOOGL', 7)})": 22.07946214455672,
    "frozenset({('GOOGL', 4), ('AAPL', 0), ('AAPL', 2)})": 22.07946214455672,
    "frozenset({('AAPL', 0), ('AAPL', 2), ('GOOGL', 5)})": 22.07946214455672,
    "frozenset({('AAPL', 0), ('GOOGL', 6), ('AAPL', 2)})": 22.07946214455672,
    "frozenset({('AAPL', 0), ('AAPL', 2), ('GOOGL', 7)})": 22.07946214455672,
    "frozenset({('GOOGL', 4), ('AAPL', 0), ('AAPL', 3)})": 22.07946214455672,
    "frozenset({('AAPL', 0), ('GOOGL', 5), ('AAPL', 3)})": 22.07946214455672,
    "frozenset({('AAPL', 0), ('GOOGL', 6), ('AAPL', 3)})": 22.07946214455672,
    "frozenset({('AAPL', 0), ('GOOGL', 7), ('AAPL', 3)})": 22.07946214455672,
    "frozenset({('GOOGL', 4), ('AAPL', 1), ('AAPL', 2)})": 22.07946214455672,
    "frozenset({('GOOGL', 5), ('AAPL', 1), ('AAPL', 2)})": 22.07946214455672,
    "frozenset({('AAPL', 1), ('GOOGL', 6), ('AAPL', 2)})": 22.07946214455672,
    "frozenset({('AAPL', 1), ('AAPL', 2), ('GOOGL', 7)})": 22.07946214455672,
    "frozenset({('GOOGL', 4), ('AAPL', 1), ('AAPL', 3)})": 22.07946214455672,
    "frozenset({('GOOGL', 5), ('AAPL', 1), ('AAPL', 3)})": 22.07946214455672,
    "frozenset({('AAPL', 1), ('GOOGL', 6), ('AAPL', 3)})": 22.07946214455672,
    "frozenset({('AAPL', 1), ('GOOGL', 7), ('AAPL', 3)})": 22.07946214455672,
    "frozenset({('GOOGL', 4), ('AAPL', 2), ('AAPL', 3)})": 22.07946214455672,
    "frozenset({('GOOGL', 5), ('AAPL', 2), ('AAPL', 3)})": 22.07946214455672,
    "frozenset({('GOOGL', 6), ('AAPL', 2), ('AAPL', 3)})": 22.07946214455672,
    "frozenset({('GOOGL', 7), ('AAPL', 2), ('AAPL', 3)})": 22.07946214455672,
    "frozenset({('GOOGL', 4), ('AAPL', 0), ('GOOGL', 5)})": 19.509161385782647,
    "frozenset({('GOOGL', 4), ('AAPL', 0), ('GOOGL', 6)})": 19.509161385782647,
    "frozenset({('GOOGL', 4), ('AAPL', 0), ('GOOGL', 7)})": 19.509161385782647,
    "frozenset({('AAPL', 0), ('GOOGL', 6), ('GOOGL', 5)})": 19.509161385782647,
    "frozenset({('AAPL', 0), ('GOOGL', 7), ('GOOGL', 5)})": 19.509161385782647,
    "frozenset({('AAPL', 0), ('GOOGL', 6), ('GOOGL', 7)})": 19.509161385782647,
    "frozenset({('GOOGL', 4), ('GOOGL', 5), ('AAPL', 1)})": 19.509161385782647,
    "frozenset({('GOOGL', 4), ('AAPL', 1), ('GOOGL', 6)})": 19.509161385782647,
    "frozenset({('GOOGL', 4), ('AAPL', 1), ('GOOGL', 7)})": 19.509161385782647,
    "frozenset({('GOOGL', 5), ('AAPL', 1), ('GOOGL', 6)})": 19.509161385782647,
    "frozenset({('GOOGL', 5), ('AAPL', 1), ('GOOGL', 7)})": 19.509161385782647,
    "frozenset({('AAPL', 1), ('GOOGL', 6), ('GOOGL', 7)})": 19.509161385782647,
    "frozenset({('GOOGL', 4), ('GOOGL', 5), ('AAPL', 2)})": 19.509161385782647,
    "frozenset({('GOOGL', 4), ('GOOGL', 6), ('AAPL', 2)})": 19.509161385782647,
    "frozenset({('GOOGL', 4), ('AAPL', 2), ('GOOGL', 7)})": 19.509161385782647,
    "frozenset({('GOOGL', 5), ('GOOGL', 6), ('AAPL', 2)})": 19.509161385782647,
    "frozenset({('GOOGL', 5), ('AAPL', 2), ('GOOGL', 7)})": 19.509161385782647,
    "frozenset({('GOOGL', 6), ('AAPL', 2), ('GOOGL', 7)})": 19.509161385782647,
    "frozenset({('GOOGL', 4), ('GOOGL', 5), ('AAPL', 3)})": 19.509161385782647,
    "frozenset({('GOOGL', 4), ('GOOGL', 6), ('AAPL', 3)})": 19.509161385782647,
    "frozenset({('GOOGL', 4), ('GOOGL', 7), ('AAPL', 3)})": 19.509161385782647,
    "frozenset({('GOOGL', 5), ('GOOGL', 6), ('AAPL', 3)})": 19.509161385782647,
    "frozenset({('GOOGL', 5), ('GOOGL', 7), ('AAPL', 3)})": 19.509161385782647,
    "frozenset({('GOOGL', 6), ('GOOGL', 7), ('AAPL', 3)})": 19.509161385782647,
    "frozenset({('GOOGL', 4), ('GOOGL', 5), ('GOOGL', 6)})": 27.213101320328594,
    "frozenset({('GOOGL', 4), ('GOOGL', 5), ('GOOGL', 7)})": 27.213101320328594,
    "frozenset({('GOOGL', 4), ('GOOGL', 6), ('GOOGL', 7)})": 27.213101320328594,